;VISITATORI PER PROVENIENZA GEOGRAFICA – GENNAIO 2025;;;;;;;;;;;;;;;
Musei;Bologna;Resto d’Italia;Resto d’Europa;Nord America;Centro America;Sud America;Asia;Africa;Oceania;Totale;%;;Continente non specificato;Totale interviste;;
Museo Musica;867;406;112;130;25;11;28;0;14;1.593;4,6%;;678;2.271;;
Museo Archeologico;5.760;2.160;933;223;3;34;124;11;60;9.308;26,9%;;0;9.308;;
Collezioni Comunali;1.025;2.248;1.110;199;10;41;78;0;93;4.804;13,9%;;0;4.804;;
Museo Medievale;1.401;699;413;210;4;32;38;0;87;2.884;8,3%;;0;2.884;;
Museo Bargellini;2.086;921;414;41;12;58;64;4;17;3.617;10,4%;;0;3.617;;
Museo della Tappezzeria;CHIUSO;;;;;;;;;;;;;;;
Museo del Risorgimento;295;121;15;2;0;1;2;0;1;437;1,3%;;0;437;;
Museo del Patrimonio Industriale;1.409;153;34;10;0;1;9;0;0;1.616;4,7%;;0;1.616;;
Museo di Ustica;245;995;48;0;0;2;4;0;2;1.296;3,7%;;0;1.296;;
Casa Morandi;213;125;39;16;0;0;34;0;6;433;1,2%;;0;433;;
Mambo Collezione;1.856;1.141;829;259;6;33;149;1;83;4.357;12,6%;;0;4.357;;
Museo Musica “Carboni”;1.473;1.284;30;29;0;1;4;20;7;2.848;8,2%;;0;2.848;;
MAMbo “Kusmirowski”;475;336;205;57;2;3;20;0;13;1.111;3,2%;;0;1.111;;
Villa delle Rose “Carol Rama”;281;60;4;0;0;2;1;0;0;348;1,0%;;0;348;;
Totale Istituzione;17.386;10.649;4.186;1.176;62;219;555;36;383;34.652;100,0%;;678;35.330;;
;46,72%;33,41%;12,27%;3,76%;0,15%;1,06%;1,65%;0,04%;0,94%;100,00%;;;;;;
;;;;;;;;;;;;;;;;
;;;;;;;;;;;;;;;;
;VISITATORI PER PROVENIENZA GEOGRAFICA – FEBBRAIO 2025;;;;;;;;;;;;;;;
Musei;Bologna;Resto d’Italia;Resto d’Europa;Nord America;Centro America;Sud America;Asia;Africa;Oceania;Totale;%;;Continente non specificato;Totale interviste;;
Museo Musica;1.674;518;234;79;18;45;21;2;20;2.611;4,1%;;1.309;3.920;;
Museo Archeologico;8.164;4.170;1.138;213;8;28;131;6;50;13.908;22,1%;;0;13.908;;
Collezioni Comunali;1.637;2.026;1.529;210;8;58;101;4;31;5.604;8,9%;;0;5.604;;
Museo Medievale;2.172;989;508;132;2;24;37;0;85;3.949;6,3%;;0;3.949;;
Museo Bargellini;1.603;991;524;113;11;62;36;2;23;3.365;5,3%;;0;3.365;;
Museo della Tappezzeria;CHIUSO;;;;;;;;;;;;;;;
Museo del Risorgimento;350;106;27;6;0;11;1;0;0;501;0,8%;;0;501;;
Museo del Patrimonio Industriale;1.884;256;53;0;0;4;2;0;2;2.201;3,5%;;0;2.201;;
Museo di Ustica;340;862;99;0;0;1;12;0;0;1.314;2,1%;;0;1.314;;
Casa Morandi;440;230;85;19;0;2;42;0;0;818;1,3%;;0;818;;
Mambo Collezione;8.047;2.288;834;206;1;18;75;0;59;11.528;18,3%;;0;11.528;;
Museo Musica “Carboni”;1.982;1.134;11;12;0;0;2;0;2;3.143;5,0%;;0;3.143;;
MAMbo “Facile Ironia”;9.503;2.524;400;132;1;20;22;0;35;12.637;20,1%;;0;12.637;;
Villa delle Rose “Carol Rama”;891;431;25;0;0;3;3;0;0;1.353;2,1%;;0;1.353;;
Totale Istituzione;38.687;16.525;5.467;1.122;49;276;485;14;307;62.932;100,0%;;1.309;64.241;;
;61,47%;26,26%;8,69%;1,78%;0,08%;0,44%;0,77%;0,02%;0,49%;100,00%;;;;;;
;;;;;;;;;;;;;;;;
;;;;;;;;;;;;;;;;
;VISITATORI PER PROVENIENZA GEOGRAFICA – MARZO 2025;;;;;;;;;;;;;;;
Musei;Bologna;Resto d’Italia;Resto d’Europa;Nord America;Centro America;Sud America;Asia;Africa;Oceania;Totale;%;;Continente non specificato;Totale interviste;;
Museo Musica;1.745;783;227;133;44;12;23;2;22;2.991;5,9%;;129;3.120;;
Museo Archeologico;6.016;8.390;1.310;295;3;26;144;6;78;16.268;31,9%;;0;16.268;;
Collezioni Comunali;1.041;1.930;1.740;293;8;31;96;7;15;5.161;10,1%;;0;5.161;;
Museo Medievale;1.967;999;493;287;4;18;64;0;130;3.962;7,8%;;0;3.962;;
Museo Bargellini;1.186;946;609;94;15;21;58;0;5;2.934;5,8%;;0;2.934;;
Museo della Tappezzeria;CHIUSO;;;;;;;;;;;;;;;
Museo del Risorgimento;336;231;35;14;0;3;1;0;1;621;1,2%;;0;621;;
Museo del Patrimonio Industriale;2.399;255;137;9;0;0;1;0;0;2.801;5,5%;;0;2.801;;
Museo di Ustica;317;1.353;91;13;0;2;1;0;0;1.777;3,5%;;0;1.777;;
Casa Morandi;82;133;99;34;0;1;49;0;4;402;0,8%;;0;402;;
Mambo Collezione;3.549;1.262;1.218;326;6;22;124;0;102;6.609;;;0;6.609;;
Museo Musica “Carboni”;380;112;1;10;0;0;0;0;0;503;1,0%;;0;503;;
MAMbo “Facile Ironia”;3.605;1.429;709;243;6;15;57;0;76;6.140;12,0%;;0;6.140;;
Villa delle Rose “Carol Rama”;506;264;24;9;0;2;1;0;4;810;1,6%;;0;810;;
Totale Istituzione;23.129;18.087;6.693;1.760;86;153;619;15;437;50.979;87,0%;;129;51.108;;
;45,37%;35,48%;13,13%;3,45%;0,17%;0,30%;1,21%;0,03%;0,86%;100,00%;;;;;;
;;;;;;;;;;;;;;;;
;;;;;;;;;;;;;;;;
;VISITATORI PER PROVENIENZA GEOGRAFICA – APRILE 2025;;;;;;;;;;;;;;;
Musei;Bologna;Resto d’Italia;Resto d’Europa;Nord America;Centro America;Sud America;Asia;Africa;Oceania;Totale;%;;Continente non specificato;Totale interviste;;
Museo Musica;1.415;568;460;227;18;24;16;1;17;2.746;5,1%;;0;2.746;;
Museo Archeologico;3.442;8.188;1.806;452;12;55;192;11;126;14.284;26,6%;;0;14.284;;
Collezioni Comunali;1.229;2.477;2.987;503;20;56;162;7;85;7.526;14,0%;;0;7.526;;
Museo Medievale;1.617;1.210;709;481;13;40;60;2;244;4.376;8,2%;;0;4.376;;
Museo Bargellini;1.279;1.580;1.577;267;25;69;91;4;69;4.961;9,2%;;0;4.961;;
Museo della Tappezzeria;CHIUSO;;;;;;;;;;;;;;;
Museo del Risorgimento;516;309;112;4;0;2;4;0;2;949;1,8%;;0;949;;
Museo del Patrimonio Industriale;1.331;492;62;7;0;2;5;0;1;1.900;3,5%;;0;1.900;;
Museo di Ustica;321;1.364;211;6;0;4;16;7;2;1.931;3,6%;;0;1.931;;
Casa Morandi;113;114;167;58;0;0;24;0;2;478;0,9%;;0;478;;
Mambo Collezione;3.486;1.435;2.058;803;25;82;191;4;206;8.290;15,5%;;0;8.290;;
MAMbo “Facile Ironia”;3.050;1.195;1.136;531;14;62;104;0;120;6.212;11,6%;;0;6.212;;
;;;;;;;;;;;;;0;;;
Totale Istituzione;17.799;18.932;11.285;3.339;127;396;865;36;874;53.653;100,0%;;0;53.653;;
;33,17%;35,29%;21,03%;6,22%;0,24%;0,74%;1,61%;0,07%;1,63%;100,00%;;;;;;
;;;;;;;;;;;;;;;;
;;;;;;;;;;;;;;;;
;VISITATORI PER PROVENIENZA GEOGRAFICA – MAGGIO 2025;;;;;;;;;;;;;;;
Musei;Bologna;Resto d’Italia;Resto d’Europa;Nord America;Centro America;Sud America;Asia;Africa;Oceania;Totale;%;;Continente non specificato;Totale interviste;;
Museo Musica;1.121;632;346;187;21;12;111;0;7;2.437;4,9%;;0;2.437;;
Museo Archeologico;3.624;8.249;1.429;388;8;37;129;7;131;14.002;28,2%;;0;14.002;;
Collezioni Comunali;1.347;1.682;2.767;530;18;70;105;1;115;6.635;13,3%;;0;6.635;;
Museo Medievale;1.725;1.065;588;468;19;33;43;1;200;4.142;8,3%;;0;4.142;;
Museo Bargellini;1.014;1.363;983;242;10;81;49;1;75;3.818;7,7%;;0;3.818;;
Museo della Tappezzeria;CHIUSO;;;;;;;;;;;;;;;
Museo del Risorgimento;827;182;56;4;0;2;1;0;0;1.072;2,2%;;0;1.072;;
Museo del Patrimonio Industriale;1.095;412;252;19;0;0;4;0;0;1.782;3,6%;;0;1.782;;
Museo di Ustica;530;1.013;140;13;0;5;15;0;5;1.721;3,5%;;0;1.721;;
Casa Morandi;180;51;112;34;16;6;30;0;13;442;0,9%;;0;442;;
Mambo Collezione;3.709;1.275;1.740;788;16;111;118;1;141;7.899;15,9%;;0;7.899;;
MAMbo “Facile Ironia”;3.056;968;1.002;496;15;40;91;1;110;5.779;11,6%;;0;5.779;;
;;;;;;;;;;;;;;;;
Totale Istituzione;18.228;16.892;9.415;3.169;123;397;696;12;797;49.729;100,0%;;0;49.729;;
;36,65%;33,97%;18,93%;6,37%;0,25%;0,80%;1,40%;0,02%;1,60%;100,00%;;;;;;
;;;;;;;;;;;;;;;;
;;;;;;;;;;;;;;;;
;VISITATORI PER PROVENIENZA GEOGRAFICA – GIUGNO 2025;;;;;;;;;;;;;;;
Musei;Bologna;Resto d’Italia;Resto d’Europa;Nord America;Centro America;Sud America;Asia;Africa;Oceania;Totale;%;;Continente non specificato;Totale interviste;;
Museo Musica;516;226;357;303;31;22;13;0;15;1.483;5,7%;;0;1.483;;
Museo Archeologico;826;838;1.595;398;3;86;188;35;171;4.140;15,8%;;0;4.140;;
Collezioni Comunali;752;1.132;2.188;564;26;40;168;0;123;4.993;19,1%;;0;4.993;;
Museo Medievale;551;424;653;433;13;12;69;2;194;2.351;9,0%;;0;2.351;;
Museo Bargellini;594;734;1.093;304;45;78;77;0;79;3.004;11,5%;;0;3.004;;
Museo della Tappezzeria;CHIUSO;;;;;;;;;;;;;;;
Museo del Risorgimento;140;69;47;11;0;1;5;0;0;273;1,0%;;0;273;;
Museo del Patrimonio Industriale;358;65;210;21;0;0;9;0;0;663;2,5%;;0;663;;
Museo di Ustica;376;530;131;14;0;6;5;0;5;1.067;4,1%;;0;1.067;;
Casa Morandi;28;38;87;50;0;1;22;1;4;231;0,9%;;0;231;;
Mambo Collezione;1.916;669;1.174;584;7;71;88;2;176;4.687;17,9%;;0;4.687;;
MAMbo “Facile Ironia”;1.564;441;630;364;3;48;57;0;124;3.231;12,4%;;0;3.231;;
;;;;;;;;;;;;;;;;
Totale Settore Musei;7.621;5.166;8.165;3.046;128;365;701;40;891;26.123;100,0%;;0;26.123;;
;29,17%;19,78%;31,26%;11,66%;0,49%;1,40%;2,68%;0,15%;3,41%;100,00%;;;;;;
;;;;;;;;;;;;;;;;
;;;;;;;;;;;;;;;;
;VISITATORI PER PROVENIENZA GEOGRAFICA – LUGLIO 2025;;;;;;;;;;;;;;;
Musei;Bologna;Resto d’Italia;Resto d’Europa;Nord America;Centro America;Sud America;Asia;Africa;Oceania;Totale;%;;Continente non specificato;Totale interviste;;
Museo Musica;336;93;450;334;45;21;56;1;29;1.365;5,5%;;60;1.425;;
Museo Archeologico;642;339;1.722;597;17;70;142;14;234;3.777;15,1%;;0;3.777;;
Collezioni Comunali;610;698;2.279;655;19;50;101;1;107;4.520;18,1%;;0;4.520;;
Museo Medievale;313;323;672;380;4;29;53;0;125;1.899;7,6%;;0;1.899;;
Museo Bargellini;487;635;1.081;428;40;67;54;11;33;2.836;11,3%;;0;2.836;;
Museo della Tappezzeria;CHIUSO;;;;;;;;;;;;;;;
Museo del Risorgimento;57;27;17;22;0;0;1;0;0;124;0,5%;;0;124;;
Museo del Patrimonio Industriale;79;32;43;4;0;0;4;0;2;164;0,7%;;0;164;;
Museo di Ustica;697;333;102;16;0;0;7;0;5;1.160;4,6%;;0;1.160;;
Casa Morandi;32;23;43;30;0;0;18;0;4;150;0,6%;;0;150;;
Mambo Collezione;2.194;635;1.029;610;8;78;203;0;157;4.914;19,6%;;0;4.914;;
MAMbo “Facile Ironia”;2.081;592;751;455;12;52;72;0;103;4.118;16,5%;;0;4.118;;
;;;;;;;;;;;;;;;;
Totale Settore Musei;7.528;3.730;8.189;3.531;145;367;711;27;799;25.027;100,0%;;60;25.087;;
;30,08%;14,90%;32,72%;14,11%;0,58%;1,47%;2,84%;0,11%;3,19%;100,00%;;;;;;
;;;;;;;;;;;;;;;;
;;;;;;;;;;;;;;;;
;VISITATORI PER PROVENIENZA GEOGRAFICA – AGOSTO 2025;;;;;;;;;;;;;;;
Musei;Bologna;Resto d’Italia;Resto d’Europa;Nord America;Centro America;Sud America;Asia;Africa;Oceania;Totale;%;;Continente non specificato;Totale interviste;;
Museo Musica;306;251;401;181;31;17;24;0;24;1.235;4,3%;;0;1.235;;
Museo Archeologico;784;711;2.544;528;10;60;239;23;201;5.100;17,8%;;0;5.100;;
Collezioni Comunali;622;1.308;3.378;529;33;51;163;19;168;6.271;21,8%;;0;6.271;;
Museo Medievale;355;376;828;160;3;23;66;0;156;1.967;6,8%;;0;1.967;;
Museo Bargellini;401;708;1.438;225;62;85;83;8;102;3.112;10,8%;;0;3.112;;
Museo della Tappezzeria;CHIUSO;;;;;;;;;;;;;;;
Museo del Risorgimento;CHIUSO;;;;;;;;;;;;;;;
Museo del Patrimonio Industriale;63;6;16;0;0;0;0;0;0;85;0,3%;;0;85;;
Museo di Ustica;365;438;178;17;0;9;5;0;4;1.016;3,5%;;0;1.016;;
Casa Morandi;38;50;92;48;0;0;53;0;0;281;1,0%;;0;281;;
Mambo Collezione;2.118;728;1.363;543;13;54;161;3;148;5.131;17,9%;;0;5.131;;
MAMbo “Facile Ironia”;2.291;652;944;394;10;32;71;1;123;4.518;15,7%;;0;4.518;;
;;;;;;;;;;;;;;;;
Totale Settore Musei;7.343;5.228;11.182;2.625;162;331;865;54;926;28.716;100,0%;;0;28.716;;
;25,57%;18,21%;38,94%;9,14%;0,56%;1,15%;3,01%;0,19%;3,22%;100,00%;;;;;;
;;;;;;;;;;;;;;;;
;;;;;;;;;;;;;;;;
;VISITATORI PER PROVENIENZA GEOGRAFICA – SETTEMBRE 2025;;;;;;;;;;;;;;;
Musei;Bologna;Resto d’Italia;Resto d’Europa;Nord America;Centro America;Sud America;Asia;Africa;Oceania;Totale;%;;Continente non specificato;Totale interviste;;
Museo Musica;426;163;327;243;28;13;8;2;19;1.229;5,0%;;105;1.334;;
Museo Archeologico;818;619;1.932;607;16;67;176;10;329;4.574;18,5%;;0;4.574;;
Collezioni Comunali;1.373;936;2.745;726;37;57;111;0;245;6.230;25,2%;;0;6.230;;
Museo Medievale;495;362;626;297;23;25;48;0;340;2.216;9,0%;;105;2.321;;
Museo Bargellini;486;629;984;415;25;24;21;2;60;2.646;10,7%;;0;2.646;;
Museo della Tappezzeria;CHIUSO;;;;;;;;;;;;;;;
Museo del Risorgimento;87;36;74;10;0;0;2;0;3;212;0,9%;;0;212;;
Museo del Patrimonio Industriale;298;14;11;11;0;0;3;0;2;339;1,4%;;0;339;;
Museo di Ustica;84;295;72;6;1;3;0;0;8;469;1,9%;;0;469;;
Casa Morandi;39;26;128;72;0;5;20;0;9;299;1,2%;;0;299;;
Mambo Collezione;2.446;832;1.342;577;13;47;85;0;201;5.543;22,4%;;0;5.543;;
MAMbo “Facile Ironia”;533;206;140;83;0;10;7;0;22;1.001;4,0%;;0;1.001;;
;;;;;;;;;;;;;;;;
Totale Settore Musei;7.085;4.118;8.381;3.047;143;251;481;14;1.238;24.758;100,0%;;210;24.968;;
;28,62%;16,63%;33,85%;12,31%;0,58%;1,01%;1,94%;0,06%;5,00%;100,00%;;;;;;
;;;;;;;;;;;;;;;;
;;;;;;;;;;;;;;;;
;VISITATORI PER PROVENIENZA GEOGRAFICA – OTTOBRE 2025;;;;;;;;;;;;;;;
Musei;Bologna;Resto d’Italia;Resto d’Europa;Nord America;Centro America;Sud America;Asia;Africa;Oceania;Totale;%;;Continente non specificato;Totale interviste;;
Museo Musica;875;220;526;189;61;23;9;0;11;1.914;6,5%;;;1.914;;
Museo Archeologico;853;787;2.263;553;16;93;225;28;321;5.139;17,6%;;;5.139;;
Collezioni Comunali;1.587;1.302;3.203;805;48;97;132;14;312;7.500;25,6%;;;7.500;;
Museo Medievale;789;445;713;362;8;17;68;0;327;2.729;9,3%;;;2.729;;
Museo Bargellini;611;670;1.419;536;40;87;36;0;77;3.476;11,9%;;;3.476;;
Museo della Tappezzeria;CHIUSO;;;;;;;;;;;;;;;
Museo del Risorgimento;171;39;51;14;0;2;0;0;2;279;1,0%;;;279;;
Museo del Patrimonio Industriale;636;99;81;69;0;1;6;0;4;896;3,1%;;;896;;
Museo di Ustica;130;689;189;14;0;7;7;0;0;1.036;3,5%;;;1.036;;
Casa Morandi;135;41;138;64;0;5;27;0;14;424;1,4%;;;424;;
Mambo Collezione;2.233;711;1.827;641;10;56;149;1;249;5.877;20,1%;;;5.877;;
;;;;;;;;;;;;;;;;
;;;;;;;;;;;;;;;;
Totale Settore Musei;8.020;5.003;10.410;3.247;183;388;659;43;1.317;29.270;100,0%;;0;29.270;;
;27,40%;17,09%;35,57%;11,09%;0,63%;1,33%;2,25%;0,15%;4,50%;100,00%;;;;;;
;;;;;;;;;;;;;;;;
;;;;;;;;;;;;;;;;
;VISITATORI PER PROVENIENZA GEOGRAFICA – NOVEMBRE 2025;;;;;;;;;;;;;;;
Musei;Bologna;Resto d’Italia;Resto d’Europa;Nord America;Centro America;Sud America;Asia;Africa;Oceania;Totale;%;;Continente non specificato;Totale interviste;;
Museo Musica;1.480;147;124;130;38;19;9;0;8;1.955;10,3%;;183;2.138;;
Museo Archeologico;1.506;1.220;1.276;328;3;42;260;13;205;4.853;14,9%;;0;4.853;;
Collezioni Comunali;1.478;1.757;1.791;663;61;101;107;16;306;6.280;19,0%;;0;6.280;;
Museo Medievale;1.309;445;394;252;0;26;43;0;197;2.666;9,3%;;0;2.666;;
Museo Bargellini;1.020;1.031;1.044;219;20;44;49;7;39;3.473;10,8%;;0;3.473;;
Museo della Tappezzeria;CHIUSO;;;;;;;;;;;;;;;
Museo del Risorgimento;291;89;29;4;0;0;0;0;0;413;1,6%;;0;413;;
Museo del Patrimonio Industriale;1.646;100;66;11;0;0;2;0;1;1.826;3,9%;;0;1.826;;
Museo di Ustica;193;1.053;99;14;0;7;11;0;2;1.379;4,3%;;0;1.379;;
Casa Morandi;140;67;81;28;0;2;15;0;5;338;1,1%;;0;338;;
Mambo Collezione;1.801;570;856;324;0;21;77;2;136;3.787;101,1%;;0;3.787;;
;;;;;;;;;;;;;;0;;
;;;;;;;;;;;;;;0;;
Totale Settore Musei;10.864;6.479;5.760;1.973;122;262;573;38;899;26.970;100,0%;;183;27.153;;
;42,22%;27,46%;18,97%;6,63%;0,36%;0,66%;2,18%;0,08%;1,44%;100,00%;;;;;;
;;;;;;;;;;;;;;;;
;;;;;;;;;;;;;;;;
;VISITATORI PER PROVENIENZA GEOGRAFICA – DICEMBRE 2025;;;;;;;;;;;;;;;
Musei;Bologna;Resto d’Italia;Resto d’Europa;Nord America;Centro America;Sud America;Asia;Africa;Oceania;Totale;%;;Continente non specificato;Totale interviste;;
Museo Musica;913;152;130;71;14;13;9;0;8;1.310;6,9%;;180;1.490;;
Museo Archeologico;2.438;875;842;161;6;72;144;8;153;4.699;13,7%;;0;4.699;;
Collezioni Comunali;942;1.756;1.001;538;26;72;117;2;172;4.626;14,4%;;0;4.626;;
Museo Medievale;1.723;711;219;182;5;16;26;1;187;3.070;8,7%;;0;3.070;;
Museo Bargellini;2.589;1.712;788;165;9;62;43;2;25;5.395;14,4%;;0;5.395;;
Museo della Tappezzeria;CHIUSO;;;;;;;;;;;;;;;
Museo del Risorgimento;300;79;16;0;0;0;0;0;0;395;1,4%;;0;395;;
Museo del Patrimonio Industriale;1.363;183;35;0;0;2;2;0;4;1.589;7,1%;;0;1.589;;
Museo di Ustica;141;753;92;13;2;2;2;0;0;1.005;3,4%;;0;1.005;;
Casa Morandi;43;55;52;22;0;0;21;0;4;197;1,3%;;0;197;;
Mambo Collezione;1.049;697;667;153;6;11;75;0;40;2.698;12,3%;;0;2.698;;
;;;;;;;;;;0;6,9%;;;0;;
;;;;;;;;;;0;9,4%;;;0;;
Totale Settore Musei;11.501;6.973;3.842;1.305;68;250;439;13;593;24.984;100,0%;;180;25.164;;
;43,63%;32,33%;15,86%;3,84%;0,22%;0,73%;2,13%;0,11%;1,14%;100,00%;;;;;;
;;;;;;;;;;;;;;;;
;;;;;;;;;;;;;;;;
;VISITATORI PER PROVENIENZA GEOGRAFICA – GENNAIO 2024;;;;;;;;;;;;;;;
Musei;Bologna;Resto d’Italia;Resto d’Europa;Nord America;Centro America;Sud America;Asia;Africa;Oceania;Totale;%;;Continente non specificato;Totale interviste;;
Museo Musica;1.361;654;237;85;0;7;32;0;15;2.391;11,6%;;0;2.391;;
Museo Archeologico;421;368;371;135;2;20;67;0;11;1.395;6,8%;;0;1.395;;
Collezioni Comunali;745;2.456;718;200;11;46;59;0;48;4.283;20,7%;;0;4.283;;
Museo Medievale;1.734;628;314;88;10;39;44;1;44;2.902;14,0%;;0;2.902;;
Museo Bargellini;1.213;936;443;92;4;74;45;8;41;2.856;13,8%;;0;2.856;;
Museo della Tappezzeria;CHIUSO;;;;;;;;;;;;;;;
Museo del Risorgimento;231;96;12;2;0;0;2;0;1;344;1,7%;;0;344;;
Museo del Patrimonio Industriale;847;181;22;9;0;3;2;0;2;1.066;5,2%;;0;1.066;;
Museo di Ustica;321;894;92;25;2;8;5;0;11;1.358;6,6%;;0;1.358;;
Casa Morandi;51;79;28;6;0;7;21;0;4;196;0,9%;;0;196;;
Mambo Collezione;2.322;581;297;134;2;15;64;0;17;3.432;16,6%;;0;3.432;;
MAMbo “Carbotta”;315;20;0;0;0;0;0;0;0;335;1,6%;;0;335;;
Villa delle Rose “Lombard”;91;9;0;0;0;0;0;0;0;100;0,5%;;0;100;;
Totale Istituzione;9.652;6.902;2.534;776;31;219;341;9;194;20.658;100,0%;;0;20.658;;
;46,72%;33,41%;12,27%;3,76%;0,15%;1,06%;1,65%;0,04%;0,94%;100,00%;;;;;;
;;;;;;;;;;;;;;;;
;;;;;;;;;;;;;;;;
;VISITATORI PER PROVENIENZA GEOGRAFICA – FEBBRAIO 2024;;;;;;;;;;;;;;;
Musei;Bologna;Resto d’Italia;Resto d’Europa;Nord America;Centro America;Sud America;Asia;Africa;Oceania;Totale;%;;Continente non specificato;Totale interviste;;
Museo Musica;1.217;696;250;66;7;8;43;2;7;2.296;6,5%;;156;2.452;;
Museo Archeologico;771;602;634;135;3;25;83;2;21;2.276;6,5%;;0;2.276;;
Collezioni Comunali;2.701;2.520;1.009;166;18;39;58;2;25;6.538;18,6%;;0;6.538;;
Museo Medievale;1.913;1.010;534;131;3;31;49;0;19;3.690;10,5%;;555;4.245;;
Museo Bargellini;2.069;1.119;532;313;12;37;64;3;16;4.165;11,8%;;0;4.165;;
Museo della Tappezzeria;CHIUSO;;;;;;;;;;;;;;;
Museo del Risorgimento;366;97;17;4;0;0;2;2;1;489;1,4%;;0;489;;
Museo del Patrimonio Industriale;772;469;35;4;0;3;0;0;0;1.283;3,6%;;76;1.359;;
Museo di Ustica;189;620;87;8;0;0;4;0;0;908;2,6%;;0;908;;
Casa Morandi;707;474;95;16;0;0;55;0;4;1.351;3,8%;;0;1.351;;
Mambo Collezione;4.487;419;369;100;2;11;81;0;14;5.483;15,6%;;0;5.483;;
MAMbo “Carbotta”;5.660;198;134;39;2;3;8;0;8;6.052;17,2%;;0;6.052;;
Villa delle Rose “Lombard”;478;140;20;2;0;0;0;0;0;640;1,8%;;0;640;;
Totale Istituzione;21.330;8.364;3.716;984;47;157;447;11;115;35.171;100,0%;;787;35.958;;
;60,65%;23,78%;10,57%;2,80%;0,13%;0,45%;1,27%;0,03%;0,33%;100,00%;;;;;;
;;;;;;;;;;;;;;;;
;;;;;;;;;;;;;;;;
;VISITATORI PER PROVENIENZA GEOGRAFICA – MARZO 2024;;;;;;;;;;;;;;;
Musei;Bologna;Resto d’Italia;Resto d’Europa;Nord America;Centro America;Sud America;Asia;Africa;Oceania;Totale;%;;Continente non specificato;Totale interviste;;
Museo Musica;1.458;454;372;148;15;17;172;1;22;2.659;9,6%;;55;2.714;;
Museo Archeologico;641;884;871;219;2;47;109;0;44;2.817;10,2%;;0;2.817;;
Collezioni Comunali;1.188;2.112;1.149;463;10;23;49;3;36;5.033;18,2%;;0;5.033;;
Museo Medievale;2.264;1.268;597;233;8;23;65;1;36;4.495;16,2%;;0;4.495;;
Museo Bargellini;1.164;1.231;815;190;28;63;53;2;38;3.584;12,9%;;0;3.584;;
Museo della Tappezzeria;CHIUSO;;;;;;;;;;;;;;;
Museo del Risorgimento;423;158;44;8;0;2;5;0;0;640;2,3%;;0;640;;
Museo del Patrimonio Industriale;1.137;294;32;13;2;1;3;0;0;1.482;5,4%;;0;1.482;;
Museo di Ustica;160;910;90;5;3;2;7;0;0;1.177;4,3%;;0;1.177;;
Casa Morandi;132;152;118;25;1;3;75;0;7;513;1,9%;;0;513;;
Mambo Collezione;2.236;540;626;190;1;1;59;0;36;3.689;13,3%;;0;3.689;;
MAMbo “Carbotta”;804;144;194;86;1;1;16;0;17;1.263;4,6%;;0;1.263;;
Villa delle Rose “Lombard”;232;77;21;10;0;0;0;0;0;340;1,2%;;0;340;;
Totale Istituzione;11.839;8.224;4.929;1.590;71;183;613;7;236;27.692;100,0%;;55;27.747;;
;42,75%;29,70%;17,80%;5,74%;0,26%;0,66%;2,21%;0,03%;0,85%;100,00%;;;;;;
;;;;;;;;;;;;;;;;
;;;;;;;;;;;;;;;;
;VISITATORI PER PROVENIENZA GEOGRAFICA – APRILE 2024;;;;;;;;;;;;;;;
Musei;Bologna;Resto d’Italia;Resto d’Europa;Nord America;Centro America;Sud America;Asia;Africa;Oceania;Totale;%;;Continente non specificato;Totale interviste;;
Museo Musica;1.168;720;566;218;36;50;89;2;20;2.869;10,2%;;21;2.890;;
Museo Archeologico;1.097;1.018;1.682;387;6;34;184;15;66;4.489;15,9%;;0;4.489;;
Collezioni Comunali;1.740;2.172;1.166;404;23;27;43;0;93;5.668;20,1%;;0;5.668;;
Museo Medievale;1.531;882;923;269;5;42;49;4;64;3.769;13,4%;;0;3.769;;
Museo Bargellini;1.135;1.191;1.277;389;39;100;70;3;63;4.267;15,1%;;0;4.267;;
Museo della Tappezzeria;CHIUSO;;;;;;;;;;;;;;;
Museo del Risorgimento;516;177;42;13;0;2;3;0;2;755;2,7%;;0;755;;
Museo del Patrimonio Industriale;323;208;52;8;0;0;5;0;0;596;2,1%;;0;596;;
Museo di Ustica;167;1.024;101;10;0;5;2;0;0;1.309;4,6%;;0;1.309;;
Casa Morandi;88;145;176;69;1;4;38;0;22;543;1,9%;;0;543;;
Mambo Collezione;1.683;199;573;310;1;16;69;4;30;2.885;10,2%;;0;2.885;;
MAMbo “Carbotta”;634;72;161;111;0;5;38;0;19;1.040;3,7%;;0;1.040;;
;;;;;;;;;;;;;;;;
Totale Istituzione;10.082;7.808;6.719;2.188;111;285;590;28;379;28.190;100,0%;;21;28.211;;
;35,76%;27,70%;23,83%;7,76%;0,39%;1,01%;2,09%;0,10%;1,34%;100,00%;;;;;;
;;;;;;;;;;;;;;;;
;;;;;;;;;;;;;;;;
;VISITATORI PER PROVENIENZA GEOGRAFICA – MAGGIO 2024;;;;;;;;;;;;;;;
Musei;Bologna;Resto d’Italia;Resto d’Europa;Nord America;Centro America;Sud America;Asia;Africa;Oceania;Totale;%;;Continente non specificato;Totale interviste;;
Museo Musica;1.674;348;472;252;38;11;25;0;25;2.845;11,0%;;1.268;4.113;;
Museo Archeologico;562;632;1.588;440;5;46;160;5;99;3.537;13,7%;;0;3.537;;
Collezioni Comunali;1.353;1.274;1.520;396;20;21;62;2;100;4.748;18,4%;;0;4.748;;
Museo Medievale;1.170;1.146;938;466;15;41;61;1;182;4.020;15,6%;;0;4.020;;
Museo Bargellini;1.001;668;1.038;444;24;80;84;9;82;3.430;13,3%;;0;3.430;;
Museo della Tappezzeria;CHIUSO;;;;;;;;;;;;;;;
Museo del Risorgimento;383;94;97;17;0;0;6;0;0;597;2,3%;;0;597;;
Museo del Patrimonio Industriale;74;64;72;14;0;3;1;0;7;235;0,9%;;0;235;;
Museo di Ustica;155;595;153;6;3;7;29;2;14;964;3,7%;;0;964;;
Casa Morandi;127;115;153;59;2;4;38;0;19;517;2,0%;;0;517;;
Mambo Collezione;2.466;548;849;425;2;23;127;0;86;4.526;17,5%;;0;4.526;;
MAMbo “Carbotta”;179;20;69;79;2;2;7;0;14;372;1,4%;;0;372;;
;;;;;;;;;;;;;;;;
Totale Istituzione;9.144;5.504;6.949;2.598;111;238;600;19;628;25.791;100,0%;;1.268;27.059;;
;35,45%;21,34%;26,94%;10,07%;0,43%;0,92%;2,33%;0,07%;2,43%;100,00%;;;;;;
;;;;;;;;;;;;;;;;
;;;;;;;;;;;;;;;;
;VISITATORI PER PROVENIENZA GEOGRAFICA – GIUGNO 2024;;;;;;;;;;;;;;;
Musei;Bologna;Resto d’Italia;Resto d’Europa;Nord America;Centro America;Sud America;Asia;Africa;Oceania;Totale;%;;Continente non specificato;Totale interviste;;
Museo Musica;719;229;464;304;36;20;32;0;28;1.832;8,1%;;260;2.092;;
Museo Archeologico;2.466;1.105;1.494;496;11;36;178;8;128;5.922;26,2%;;0;5.922;;
Collezioni Comunali;827;1.157;1.574;595;46;67;104;3;81;4.454;19,7%;;0;4.454;;
Museo Medievale;405;386;748;470;19;38;56;2;292;2.416;10,7%;;0;2.416;;
Museo Bargellini;529;684;1.094;335;46;76;96;4;95;2.959;13,1%;;0;2.959;;
Museo della Tappezzeria;CHIUSO;;;;;;;;;;;;;;;
Museo del Risorgimento;194;48;47;17;3;0;4;0;1;314;1,4%;;0;314;;
Museo del Patrimonio Industriale;49;22;48;6;0;1;3;0;5;134;0,6%;;0;134;;
Museo di Ustica;179;511;87;15;0;2;6;2;5;807;3,6%;;0;807;;
Casa Morandi;42;62;129;48;0;7;79;0;17;384;1,7%;;0;384;;
Mambo Collezione;1.198;251;565;395;6;27;80;5;141;2.668;11,8%;;0;2.668;;
MAMbo “Kusmirowski”;547;10;27;65;0;2;7;1;27;686;3,0%;;0;686;;
;;;;;;;;;;;;;;;;
Totale Settore Musei;7.155;4.465;6.277;2.746;167;276;645;25;820;22.576;100,0%;;260;22.836;;
;31,69%;19,78%;27,80%;12,16%;0,74%;1,22%;2,86%;0,11%;3,63%;100,00%;;;;;;
;;;;;;;;;;;;;;;;
;;;;;;;;;;;;;;;;
;VISITATORI PER PROVENIENZA GEOGRAFICA – LUGLIO 2024;;;;;;;;;;;;;;;
Musei;Bologna;Resto d’Italia;Resto d’Europa;Nord America;Centro America;Sud America;Asia;Africa;Oceania;Totale;%;;Continente non specificato;Totale interviste;;
Museo Musica;585;246;523;320;28;35;45;0;36;1.818;7,7%;;706;2.524;;
Museo Archeologico;2.686;1.131;1.909;604;30;43;219;21;151;6.794;28,8%;;0;6.794;;
Collezioni Comunali;760;836;1.674;571;36;48;115;0;63;4.103;17,4%;;0;4.103;;
Museo Medievale;341;355;885;333;12;38;67;2;161;2.194;9,3%;;0;2.194;;
Museo Bargellini;242;390;1.055;280;32;61;91;8;59;2.218;9,4%;;1;2.219;;
Museo della Tappezzeria;CHIUSO;;;;;;;;;;;;;;;
Museo del Risorgimento;58;44;30;11;4;0;5;0;0;152;0,6%;;0;152;;
Museo del Patrimonio Industriale;19;13;16;13;0;0;5;0;1;67;0,3%;;0;67;;
Museo di Ustica;373;528;125;21;0;0;0;0;8;1.055;4,5%;;0;1.055;;
Casa Morandi;18;11;78;42;0;2;61;0;12;224;1,0%;;0;224;;
Mambo Collezione;1.484;211;581;417;9;18;215;17;192;3.144;13,3%;;0;3.144;;
MAMbo “Kusmirowski”;941;133;267;256;5;16;34;8;131;1.791;7,6%;;0;1.791;;
;;;;;;;;;;;;;;;;
Totale Settore Musei;7.507;3.898;7.143;2.868;156;261;857;56;814;23.560;100,0%;;707;24.267;;
;31,86%;16,54%;30,32%;12,17%;0,66%;1,11%;3,64%;0,24%;3,46%;100,00%;;;;;;
;;;;;;;;;;;;;;;;
;;;;;;;;;;;;;;;;
;VISITATORI PER PROVENIENZA GEOGRAFICA – AGOSTO 2024;;;;;;;;;;;;;;;
Musei;Bologna;Resto d’Italia;Resto d’Europa;Nord America;Centro America;Sud America;Asia;Africa;Oceania;Totale;%;;Continente non specificato;Totale interviste;;
Museo Musica;724;414;603;204;23;54;53;10;51;2.136;8,0%;;133;2.269;;
Museo Archeologico;3.853;2.410;2.236;469;10;35;144;14;63;9.234;34,4%;;0;9.234;;
Collezioni Comunali;551;1.263;2.564;619;33;50;100;3;53;5.236;19,5%;;0;5.236;;
Museo Medievale;436;400;1.106;269;10;20;81;12;221;2.555;9,5%;;0;2.555;;
Museo Bargellini;339;481;1.565;225;38;95;92;10;60;2.905;10,8%;;0;2.905;;
Museo della Tappezzeria;CHIUSO;;;;;;;;;;;;;;;
Museo del Risorgimento;CHIUSO;;;;;;;;;;;;;;;
Museo del Patrimonio Industriale;18;0;7;0;0;0;0;0;0;25;0,1%;;0;25;;
Museo di Ustica;370;351;136;8;0;0;5;0;15;885;3,3%;;0;885;;
Casa Morandi;24;25;119;30;0;4;100;0;21;323;1,2%;;0;323;;
Mambo Collezione;768;241;687;272;13;20;88;7;155;2.251;8,4%;;0;2.251;;
MAMbo “Kusmirowski”;545;134;340;138;5;10;23;6;79;1.280;4,8%;;0;1.280;;
;;;;;;;;;;;;;;;;
Totale Settore Musei;7.628;5.719;9.363;2.234;132;288;686;62;718;26.830;100,0%;;133;26.963;;
;28,43%;21,32%;34,90%;8,33%;0,49%;1,07%;2,56%;0,23%;2,68%;100,00%;;;;;;
;;;;;;;;;;;;;;;;
;;;;;;;;;;;;;;;;
;VISITATORI PER PROVENIENZA GEOGRAFICA – SETTEMBRE 2024;;;;;;;;;;;;;;;
Musei;Bologna;Resto d’Italia;Resto d’Europa;Nord America;Centro America;Sud America;Asia;Africa;Oceania;Totale;%;;Continente non specificato;Totale interviste;;
Museo Musica;317;217;426;273;40;57;57;5;50;1.442;7,1%;;172;1.614;;
Museo Archeologico;340;555;1.902;509;16;43;136;7;124;3.632;17,8%;;0;3.632;;
Collezioni Comunali;623;1.169;1.844;592;18;38;55;0;144;4.483;22,0%;;0;4.483;;
Museo Medievale;669;454;936;419;11;44;48;1;303;2.885;14,1%;;0;2.885;;
Museo Bargellini;556;489;796;284;20;51;54;5;88;2.343;11,5%;;0;2.343;;
Museo della Tappezzeria;CHIUSO;;;;;;;;;;;;;;;
Museo del Risorgimento;212;23;26;10;0;2;1;0;2;276;1,4%;;0;276;;
Museo del Patrimonio Industriale;76;17;11;5;0;2;3;0;3;117;0,6%;;0;117;;
Museo di Ustica;242;443;127;10;0;0;9;0;5;836;4,1%;;0;836;;
Casa Morandi;54;35;80;66;2;0;47;0;35;319;1,6%;;0;319;;
Mambo Collezione;1.254;183;472;333;4;17;56;0;140;2.459;12,1%;;0;2.459;;
MAMbo “Kusmirowski”;896;109;271;203;0;10;19;0;95;1.603;7,9%;;0;1.603;;
;;;;;;;;;;;;;;;;
Totale Settore Musei;5.239;3.694;6.891;2.704;111;264;485;18;989;20.395;100,0%;;172;20.567;;
;25,69%;18,11%;33,79%;13,26%;0,54%;1,29%;2,38%;0,09%;4,85%;100,00%;;;;;;
;;;;;;;;;;;;;;;;
;;;;;;;;;;;;;;;;
;VISITATORI PER PROVENIENZA GEOGRAFICA – OTTOBRE 2024;;;;;;;;;;;;;;;
Musei;Bologna;Resto d’Italia;Resto d’Europa;Nord America;Centro America;Sud America;Asia;Africa;Oceania;Totale;%;;Continente non specificato;Totale interviste;;
Museo Musica;467;352;696;307;84;64;59;15;48;2.092;6,5%;;41;2.133;;
Museo Archeologico;703;729;2.074;617;12;79;166;10;140;4.530;14,1%;;0;4.530;;
Collezioni Comunali;972;1.230;2.400;703;29;49;80;2;183;5.648;17,6%;;0;5.648;;
Museo Medievale;657;439;1.115;472;21;44;71;0;245;3.064;9,5%;;25;3.089;;
Museo Bargellini;759;633;1.420;448;11;112;78;1;108;3.570;11,1%;;0;3.570;;
Museo della Tappezzeria;CHIUSO;;;;;;;;;;;;;;;
Museo del Risorgimento;252;30;47;9;0;1;2;0;1;342;1,1%;;0;342;;
Museo del Patrimonio Industriale;490;58;112;66;0;9;3;0;1;739;2,3%;;0;739;;
Museo di Ustica;140;538;214;26;5;2;2;0;9;936;2,9%;;0;936;;
Casa Morandi;134;34;83;51;6;2;40;8;5;363;1,1%;;0;363;;
Mambo Collezione;1.804;1.000;2.832;844;24;68;206;9;340;7.127;22,2%;;65;7.192;;
MAMbo “Kusmirowski”;1.020;427;1.499;418;6;41;132;4;188;3.735;11,6%;;0;3.735;;
;;;;;;;;;;;;;;;;
Totale Settore Musei;7.398;5.470;12.492;3.961;198;471;839;49;1.268;32.146;100,0%;;131;32.277;;
;23,01%;17,02%;38,86%;12,32%;0,62%;1,47%;2,61%;0,15%;3,94%;100,00%;;;;;;
;;;;;;;;;;;;;;;;
;;;;;;;;;;;;;;;;
;VISITATORI PER PROVENIENZA GEOGRAFICA – NOVEMBRE 2024;;;;;;;;;;;;;;;
Musei;Bologna;Resto d’Italia;Resto d’Europa;Nord America;Centro America;Sud America;Asia;Africa;Oceania;Totale;%;;Continente non specificato;Totale interviste;;
Museo Musica;1.966;507;345;278;36;30;35;0;16;3.213;10,3%;;85;3.298;;
Museo Archeologico;1.552;1.492;1.088;295;4;19;129;3;45;4.627;14,9%;;0;4.627;;
Collezioni Comunali;2.115;1.625;1.291;630;22;31;64;8;121;5.907;19,0%;;0;5.907;;
Museo Medievale;1.233;776;514;173;4;22;77;1;104;2.904;9,3%;;224;3.128;;
Museo Bargellini;1.495;886;679;128;25;40;76;7;22;3.358;10,8%;;0;3.358;;
Museo della Tappezzeria;CHIUSO;;;;;;;;;0;;;;;;
Museo del Risorgimento;358;85;49;6;0;2;5;0;0;505;1,6%;;0;505;;
Museo del Patrimonio Industriale;1.000;113;66;1;0;0;11;0;8;1.199;3,9%;;0;1.199;;
Museo di Ustica;199;1.006;93;6;3;1;11;2;8;1.329;4,3%;;0;1.329;;
Casa Morandi;113;97;59;17;0;6;43;0;5;340;1,1%;;0;340;;
Mambo Collezione;1.748;875;1.167;342;9;32;144;2;75;4.394;14,1%;;0;4.394;;
MAMbo “Kusmirowski”;664;454;545;180;8;22;82;1;44;2.000;6,4%;;0;2.000;;
Museo Musica “Carboni”;687;626;3;7;2;0;0;0;1;1.326;4,3%;;0;1.326;;
Totale Settore Musei;13.130;8.542;5.899;2.063;113;205;677;24;449;31.102;100,0%;;309;31.411;;
;42,22%;27,46%;18,97%;6,63%;0,36%;0,66%;2,18%;0,08%;1,44%;100,00%;;;;;;
;;;;;;;;;;;;;;;;
;;;;;;;;;;;;;;;;
;VISITATORI PER PROVENIENZA GEOGRAFICA – DICEMBRE 2024;;;;;;;;;;;;;;;
Musei;Bologna;Resto d’Italia;Resto d’Europa;Nord America;Centro America;Sud America;Asia;Africa;Oceania;Totale;%;;Continente non specificato;Totale interviste;;
Museo Musica;1.221;430;162;117;13;17;16;1;9;1.986;6,9%;;10;1.996;;
Museo Archeologico;1.301;1.294;909;183;3;23;145;4;64;3.926;13,7%;;0;3.926;;
Collezioni Comunali;932;1.794;965;248;7;23;113;9;30;4.121;14,4%;;0;4.121;;
Museo Medievale;1.046;694;405;174;7;16;52;0;106;2.500;8,7%;;0;2.500;;
Museo Bargellini;2.144;1.256;532;61;16;46;39;6;19;4.119;14,4%;;0;4.119;;
Museo della Tappezzeria;CHIUSO;;;;;;;;;;;;;;;
Museo del Risorgimento;282;89;17;0;0;0;0;0;0;388;1,4%;;0;388;;
Museo del Patrimonio Industriale;1.604;385;35;0;0;0;5;0;0;2.029;7,1%;;0;2.029;;
Museo di Ustica;134;781;53;5;0;4;4;0;2;983;3,4%;;0;983;;
Casa Morandi;117;113;62;13;0;11;37;0;12;365;1,3%;;0;365;;
Mambo Collezione;1.333;918;888;164;4;36;116;5;58;3.522;12,3%;;0;3.522;;
MAMbo “Kusmirowski”;762;497;476;103;4;31;72;3;23;1.971;6,9%;;0;1.971;;
Museo Musica “Carboni”;1.606;999;33;32;10;1;11;4;4;2.700;9,4%;;0;2.700;;
Totale Settore Musei;12.482;9.250;4.537;1.100;64;208;610;32;327;28.610;100,0%;;10;28.620;;
;43,63%;32,33%;15,86%;3,84%;0,22%;0,73%;2,13%;0,11%;1,14%;100,00%;;;;;;
;;;;;;;;;;;;;;;;
;;;;;;;;;;;;;;;;
;VISITATORI PER PROVENIENZA GEOGRAFICA – GENNAIO 2026;;;;;;;;;;;;;;;
Musei;Bologna;Resto d’Italia;Resto d’Europa;Nord America;Centro America;Sud America;Asia;Africa;Oceania;Totale;%;;Continente non specificato;Totale interviste;;
Museo Musica;1.269;391;86;77;31;31;0;0;22;1.907;6,9%;;283;2.190;;
Museo Archeologico;3.025;1.569;1.049;245;17;66;159;7;142;6.279;22,6%;;0;6.279;;
Collezioni Comunali;1.294;1.818;1.148;443;18;73;165;5;129;5.093;18,3%;;0;5.093;;
Museo Medievale;2.391;715;223;209;2;20;30;0;155;3.745;13,5%;;0;3.745;;
Museo Bargellini;1.415;966;610;154;14;69;34;2;41;3.305;11,9%;;0;3.305;;
Museo della Tappezzeria;CHIUSO;;;;;;;;;;;;;;;
Museo del Risorgimento;116;75;25;1;0;0;1;0;0;218;0,8%;;0;218;;
Museo del Patrimonio Industriale;1.659;207;72;7;0;0;14;0;0;1.959;7,0%;;0;1.959;;
Museo di Ustica;247;762;55;7;0;1;4;0;4;1.080;3,9%;;0;1.080;;
Casa Morandi;460;146;43;31;0;1;27;0;0;708;2,5%;;0;708;;
Mambo Collezione;1.414;1.013;514;124;6;35;53;7;44;3.210;11,5%;;0;3.210;;
Villa delle Rose “Flavio de Marco. Screen Life”;221;90;19;0;0;0;0;0;0;330;1,2%;;0;330;;
;;;;;;;;;;;;;;;;
;;;;;;;;;;;;;;;;
Totale Istituzione;13.511;7.752;3.844;1.298;88;296;487;21;537;27.834;100,0%;;283;28.117;;
;46,72%;33,41%;12,27%;3,76%;0,15%;1,06%;1,65%;0,04%;0,94%;100,00%;;;;;;
;;;;;;;;;;;;;;;;
;;;;;;;;;;;;;;;;
;VISITATORI PER PROVENIENZA GEOGRAFICA – FEBBRAIO 2026;;;;;;;;;;;;;;;
Musei;Bologna;Resto d’Italia;Resto d’Europa;Nord America;Centro America;Sud America;Asia;Africa;Oceania;Totale;%;;Continente non specificato;Totale interviste;;
Museo Musica;1.226;221;196;77;21;11;11;0;25;1.788;6,4%;;137;1.925;;
Museo Archeologico;5.286;3.063;1.304;269;11;55;134;13;152;10.287;37,0%;;0;10.287;;
Collezioni Comunali;1.528;1.595;1.840;599;11;95;118;0;63;5.849;21,0%;;0;5.849;;
Museo Medievale;2.303;651;296;175;5;8;32;0;153;3.623;13,0%;;448;4.071;;
Museo Bargellini;2.126;986;744;167;17;106;38;10;8;4.202;15,1%;;0;4.202;;
Museo della Tappezzeria;CHIUSO;;;;;;;;;;;;;;;
Museo del Risorgimento;484;143;39;4;0;3;1;0;0;674;2,4%;;0;674;;
Museo del Patrimonio Industriale;1.913;300;48;4;0;0;5;0;0;2.270;8,2%;;0;2.270;;
Museo di Ustica;741;944;99;23;1;2;14;0;2;1.826;6,6%;;0;1.826;;
Casa Morandi;1.011;273;82;99;0;3;35;0;1;1.504;5,4%;;0;1.504;;
Mambo Collezione;6.001;803;533;297;2;24;94;0;84;7.838;28,2%;;0;7.838;;
Villa delle Rose “Flavio de Marco. Screen Life”;509;130;38;14;0;3;3;0;0;697;2,5%;;0;697;;
Mambo “John Giorno”;8.526;516;177;128;2;9;25;0;71;9.454;34,0%;;0;9.454;;
;;;;;;;;;;;;;;;;
Totale Istituzione;31.654;9.625;5.396;1.856;70;319;510;23;559;50.012;179,7%;;585;50.597;;
;46,72%;33,41%;12,27%;3,76%;0,15%;1,06%;1,65%;0,04%;0,94%;100,00%;;;;;;
;;;;;;;;;;;;;;;;
;;;;;;;;;;;;;;;;
;VISITATORI PER PROVENIENZA GEOGRAFICA – MARZO 2026;;;;;;;;;;;;;;;
Musei;Bologna;Resto d’Italia;Resto d’Europa;Nord America;Centro America;Sud America;Asia;Africa;Oceania;Totale;%;;Continente non specificato;Totale interviste;;
Museo Musica;845;323;105;76;48;26;11;0;10;1.444;3,6%;;162;1.606;;
Museo Archeologico;5.089;7.451;1.163;279;2;44;112;5;151;14.296;35,2%;;0;14.296;;
Collezioni Comunali;1.630;1.579;1.968;625;14;51;104;7;41;6.019;14,8%;;0;6.019;;
Museo Medievale;2.014;733;335;249;5;3;31;1;168;3.539;8,7%;;0;3.539;;
Museo Bargellini;1.028;1.001;945;185;19;77;47;8;7;3.317;8,2%;;0;3.317;;
Museo della Tappezzeria;CHIUSO;;;;;;;;;;;;;;;
Museo del Risorgimento;358;148;23;5;0;6;1;0;0;541;1,3%;;0;541;;
Museo del Patrimonio Industriale;1.741;698;135;9;1;0;1;0;0;2.585;6,4%;;0;2.585;;
Museo di Ustica;375;1.447;69;9;3;4;7;0;2;1.916;4,7%;;0;1.916;;
Casa Morandi;229;73;72;37;0;0;34;0;3;448;1,1%;;0;448;;
Mambo Collezione;2.184;943;539;158;0;21;63;0;70;3.978;9,8%;;0;3.978;;
Villa delle Rose “Flavio de Marco. Screen Life”;223;100;29;4;0;4;7;0;0;367;0,9%;;0;367;;
Mambo “John Giorno”;1.310;474;217;79;0;11;18;0;40;2.149;5,3%;;0;2.149;;
;;;;;;;;;;0;0,0%;;;0;;
Totale Istituzione;17.026;14.970;5.600;1.715;92;247;436;21;492;40.599;100,0%;;162;40.761;;
;41,94%;36,87%;13,79%;4,22%;0,23%;0,61%;1,07%;0,05%;1,21%;100,00%;;;;;;
;;;;;;;;;;;;;;;;
;;;;;;;;;;;;;;;;
;VISITATORI PER PROVENIENZA GEOGRAFICA – APRILE 2026;;;;;;;;;;;;;;;
Musei;Bologna;Resto d’Italia;Resto d’Europa;Nord America;Centro America;Sud America;Asia;Africa;Oceania;Totale;%;;Continente non specificato;Totale interviste;;
Museo Musica;722;371;313;121;49;20;20;0;25;1.641;3,8%;;0;1.641;;
Museo Archeologico;3.555;8.015;2.184;487;4;44;190;1;221;14.701;33,9%;;0;14.701;;
Collezioni Comunali;1.627;1.616;2.753;922;30;108;111;5;108;7.280;16,8%;;0;7.280;;
Museo Medievale;1.782;562;553;220;4;11;55;0;393;3.580;8,2%;;0;3.580;;
Museo Bargellini;800;979;1.331;273;38;92;83;3;30;3.629;8,4%;;0;3.629;;
Museo della Tappezzeria;CHIUSO;;;;;;;;;;;;;;;
Museo del Risorgimento;304;140;70;10;0;0;1;0;0;525;1,2%;;0;525;;
Museo del Patrimonio Industriale;1.583;375;115;9;0;4;3;0;0;2.089;4,8%;;0;2.089;;
Museo di Ustica;251;990;105;10;0;2;8;0;2;1.368;3,2%;;0;1.368;;
Casa Morandi;221;58;116;87;0;1;37;0;0;520;1,2%;;0;520;;
Mambo Collezione;2.653;1.009;952;355;11;36;134;1;124;5.275;12,1%;;0;5.275;;
Mambo “John Giorno”;1.431;598;463;187;5;24;44;0;59;2.811;6,5%;;0;2.811;;
;;;;;;;;;;;;;;;;
Totale Istituzione;14.929;14.713;8.955;2.681;141;342;686;10;962;43.419;100,0%;;0;43.419;;
;34,38%;33,89%;20,62%;6,17%;0,32%;0,79%;1,58%;0,02%;2,22%;100,00%;;;;;;
;;;;;;;;;;;;;;;;
;;;;;;;;;;;;;;;;
;VISITATORI PER PROVENIENZA GEOGRAFICA – MAGGIO 2026;;;;;;;;;;;;;;;
Musei;Bologna;Resto d’Italia;Resto d’Europa;Nord America;Centro America;Sud America;Asia;Africa;Oceania;Totale;%;;Continente non specificato;Totale interviste;;
Museo Musica;563;200;152;152;60;48;9;0;16;1.200;2,8%;;0;1.200;;
Museo Archeologico;2.059;7.798;2.046;614;8;68;214;24;283;13.114;30,2%;;0;13.114;;
Collezioni Comunali;1.797;1.362;2.524;967;27;88;148;5;183;7.101;16,4%;;0;7.101;;
Museo Medievale;1.094;988;722;281;9;37;63;2;430;3.626;8,4%;;52;3.678;;
Museo Bargellini;880;932;1.268;294;20;52;95;7;43;3.591;8,3%;;0;3.591;;
Museo della Tappezzeria;CHIUSO;;;;;;;;;;;;;;;
Museo del Risorgimento;457;226;50;18;0;0;1;0;4;756;1,7%;;0;756;;
Museo del Patrimonio Industriale;823;359;308;12;1;8;6;5;0;1.522;3,5%;;0;1.522;;
Museo di Ustica;738;1.072;172;15;0;4;7;1;3;2.012;4,6%;;0;2.012;;
Casa Morandi;180;53;92;34;0;2;8;0;7;376;0,9%;;0;376;;
Mambo Collezione;3.263;1.375;1.585;572;11;45;100;10;308;7.269;16,7%;;0;7.269;;
Mambo “John Giorno”;271;71;119;10;0;0;4;2;5;482;1,1%;;0;482;;
Mambo “Giuseppe Chiari”;388;80;56;19;0;10;1;4;7;565;1,3%;;0;565;;
;;;;;;;;;;;;;;;;
Totale Istituzione;12.513;14.516;9.094;2.988;136;362;656;60;1.289;41.614;95,8%;;52;41.666;;
;30,07%;34,88%;21,85%;7,18%;0,33%;0,87%;1,58%;0,14%;3,10%;100,00%;;;;;;
;;;;;;;;;;;;;;;;
;;;;;;;;;;;;;;;;
;VISITATORI PER PROVENIENZA GEOGRAFICA – GIUGNO 2026;;;;;;;;;;;;;;;
Musei;Bologna;Resto d’Italia;Resto d’Europa;Nord America;Centro America;Sud America;Asia;Africa;Oceania;Totale;%;;Continente non specificato;Totale interviste;;
Museo Musica;307;48;188;96;56;38;12;0;12;757;1,7%;;0;757;;
Museo Archeologico;730;1.347;1.835;646;8;51;231;8;280;5.136;11,8%;;0;5.136;;
Collezioni Comunali;952;752;1.889;851;37;110;153;4;249;4.997;11,5%;;0;4.997;;
Museo Medievale;560;352;464;278;2;21;55;1;492;2.225;5,1%;;210;2.435;;
Museo Bargellini;381;530;915;240;16;77;71;14;48;2.292;5,3%;;0;2.292;;
Museo della Tappezzeria;CHIUSO;;;;;;;;;;;;;;;
Museo del Risorgimento;156;70;46;0;2;1;2;0;0;277;0,6%;;0;277;;
Museo del Patrimonio Industriale;265;121;129;22;2;2;2;0;3;546;1,3%;;0;546;;
Museo di Ustica;615;471;131;21;2;5;21;0;3;1.269;2,9%;;0;1.269;;
Casa Morandi;47;46;65;44;0;1;15;0;9;227;0,5%;;0;227;;
Mambo Collezione;1.814;606;1.087;579;8;58;146;3;184;4.485;10,3%;;0;4.485;;
Mambo “Giuseppe Chiari”;1.006;271;547;312;8;29;57;7;151;2.388;5,5%;;0;2.388;;
;;;;;;;;;;;;;;;;
Totale Istituzione;6.833;4.614;7.296;3.089;141;393;765;37;1.431;24.599;56,7%;;210;24.809;;
;27,78%;18,76%;29,66%;12,56%;0,57%;1,60%;3,11%;0,15%;5,82%;100,00%;;;;;;
;;;;;;;;;;;;;;;;
;;;;;;;;;;;;;;;;
;VISITATORI PER PROVENIENZA GEOGRAFICA – LUGLIO 2026;;;;;;;;;;;;;;;
Musei;Bologna;Resto d’Italia;Resto d’Europa;Nord America;Centro America;Sud America;Asia;Africa;Oceania;Totale;%;;Continente non specificato;Totale interviste;;
Museo Musica;513;76;153;167;91;23;12;3;19;1.057;4,30%;;148;1.205;;
Museo Archeologico;608;307;2.633;825;20;65;197;28;316;4.999;20,60%;;0;4.999;;
Collezioni Comunali;700;414;2.300;727;31;101;130;5;188;4.596;18,90%;;0;4.596;;
Museo Medievale;416;268;575;257;3;9;74;0;363;1.965;8,10%;;0;1.965;;
Museo Bargellini;429;478;1.036;198;12;38;69;16;61;2.337;9,60%;;0;2.337;;
Museo della Tappezzeria;CHIUSO;;;;;;;;;;;;;;;
Museo del Risorgimento;84;34;23;6;0;0;6;0;0;153;0,60%;;0;153;;
Museo del Patrimonio Industriale;73;25;34;9;0;0;2;0;0;143;0,60%;;0;143;;
Museo di Ustica;451;268;89;12;2;2;7;0;1;832;3,40%;;0;832;;
Casa Morandi;27;24;54;21;0;5;52;0;8;191;0,80%;;0;191;;
Mambo Collezione;2.429;640;1.154;363;14;46;198;1;183;5.028;20,70%;;0;5.028;;
Mambo “Giuseppe Chiari”;1.218;216;584;216;10;26;69;1;141;2.481;10,20%;;0;2.481;;
Musica “Queen the last tour”;278;49;46;93;36;1;1;0;14;518;2,10%;;0;518;;
Totale Settore Musei;7.226;2.799;8.681;2.894;219;316;817;54;1.294;24.300;100,00%;;148;24.448;;
;29,74%;11,52%;35,72%;11,91%;0,90%;1,30%;3,36%;0,22%;5,33%;100,00%;;;;;;
